{
	"appId": "com.airflow.tester",
	"appName": "Airflow Velocity Tester",
	"webDir": "dist/public",
	"server": {
		"androidScheme": "https"
	},
	"plugins": {
		"SplashScreen": {
			"launchShowDuration": 2000,
			"launchAutoHide": true,
			"backgroundColor": "#ffffff",
			"androidSplashResourceName": "splash",
			"androidScaleType": "CENTER_CROP",
			"showSpinner": false,
			"splashFullScreen": true,
			"splashImmersive": true
		},
		"StatusBar": {
			"style": "default",
			"backgroundColor": "#ffffff"
		}
	}
}
